<announcements>
	
	<announcement>
		<type>Stephen T. Armijo</type>
		<announcement_id>2488 Confederate Drive Syracuse, NY 13202</announcement_id>
		<author_id>122</author_id>
		<title>Legal secretary</title>
		<year>46</year>
		<note>46</note>
		<month>46</month>
		<url>46</url>
		<announcement_key>46</announcement_key>
	</announcement>
	
		<announcement>
		<type>Stephen T. Armijo</type>
		<announcement_id>2488 Confederate Drive Syracuse, NY 13202</announcement_id>
		<author_id>40</author_id>
		<title>Legal secretary</title>
		<year>46</year>
		<note>46</note>
		<month>46</month>
		<url>46</url>
		<announcement_key>46</announcement_key>
	</announcement>
	
		<announcement>
		<type>Stephen T. Armijo</type>
		<announcement_id>2488 Confederate Drive Syracuse, NY 13202</announcement_id>
		<author_id>144</author_id>
		<title>Legal secretary</title>
		<year>46</year>
		<note>46</note>
		<month>46</month>
		<url>46</url>
		<announcement_key>46</announcement_key>
	</announcement>
	
		<announcement>
		<type>Stephen T. Armijo</type>
		<announcement_id>2314</announcement_id>
		<author_id>167</author_id>
		<title>Legal secretary</title>
		<year>46</year>
		<note>46</note>
		<month>46</month>
		<url>46</url>
		<announcement_key>46</announcement_key>
	</announcement>
</announcements>